2025-11-09_17-22-26,0,draft.py:2025-11-09_17-22-26
2025-11-09_17-23-21,0,draft.py:2025-11-09_17-23-21
2025-11-09_17-24-39,0,draft.py:2025-11-09_17-24-39
2025-11-09_17-25-08,0,draft.py:2025-11-09_17-24-39
2025-11-09_17-27-10,0,draft.py:2025-11-09_17-27-10
2025-11-09_17-31-13,0,draft.py:2025-11-09_17-31-13
2025-11-09_17-38-03,0,draft.py:2025-11-09_17-38-03
2025-11-09_17-38-54,0,draft.py:2025-11-09_17-38-03
2025-11-09_17-41-33,---,draft.py:2025-11-09_17-38-03
2025-11-09_17-42-06,0,draft.py:2025-11-09_17-38-03
2025-11-09_17-43-01,0,draft.py:2025-11-09_17-38-03
2025-11-09_17-45-02,0,draft.py:2025-11-09_17-45-02
2025-11-09_17-45-13,0,draft.py:2025-11-09_17-45-02
2025-11-09_17-45-17,0,draft.py:2025-11-09_17-45-17
2025-11-09_17-45-18,0,draft.py:2025-11-09_17-45-18
2025-11-09_17-45-29,0,draft.py:2025-11-09_17-45-29
2025-11-09_17-45-38,0,draft.py:2025-11-09_17-45-29
2025-11-09_17-50-39,0,draft.py:2025-11-09_17-50-39
2025-11-09_17-51-10,0,draft.py:2025-11-09_17-50-39
2025-11-09_17-58-32,0,draft.py:2025-11-09_17-58-32
2025-11-09_18-04-28,7,draft.py:2025-11-09_18-04-28
2025-11-09_18-04-39,7,draft.py:2025-11-09_18-04-28
2025-11-09_18-10-01,21,draft.py:2025-11-09_18-10-01
2025-11-09_18-10-32,21,draft.py:2025-11-09_18-10-32
2025-11-09_18-11-55,21,draft.py:2025-11-09_18-11-55
2025-11-09_18-12-23,21,draft.py:2025-11-09_18-12-23
2025-11-09_18-13-26,21,draft.py:2025-11-09_18-12-23
2025-11-09_18-22-18,21,draft.py:2025-11-09_18-22-18
2025-11-09_18-23-00,7,draft.py:2025-11-09_18-23-00
2025-11-09_18-24-59,85,draft.py:2025-11-09_18-24-59
2025-11-09_18-25-11,85,draft.py:2025-11-09_18-24-59
2025-11-09_18-25-21,100,draft.py:2025-11-09_18-25-21
