2025-11-04_13-44-08,None,draft.py:2025-11-04_13-44-08
2025-11-04_14-07-53,None,draft.py:2025-11-04_14-07-53
2025-11-08_23-07-30,None,draft.py:2025-11-04_14-07-53
2025-11-08_23-07-32,None,draft.py:2025-11-04_14-07-53
2025-11-09_00-29-02,None,draft.py:2025-11-09_00-29-02
2025-11-09_00-32-15,None,draft.py:2025-11-09_00-32-15
2025-11-09_00-35-38,None,draft.py:2025-11-09_00-35-38
2025-11-09_00-37-03,None,draft.py:2025-11-09_00-37-03
2025-11-09_00-37-55,None,draft.py:2025-11-09_00-37-55
2025-11-09_00-38-19,None,draft.py:2025-11-09_00-37-55
2025-11-09_18-04-18,100,draft.py:2025-11-09_00-37-55
